device_id,reading_time,temperature,status
A1,2026-10-01 00:00:00,22.5,OK
A1,2026-10-01 01:00:00,21.2,OK
A1,2026-10-01 02:00:00,24.6,OK
A1,2026-10-01 03:00:00,25.5,OK
A1,2026-10-01 04:00:00,21.7,OK
A1,2026-10-01 05:00:00,22.9,OK
A1,2026-10-01 06:00:00,25.2,OK
A1,2026-10-01 07:00:00,24.4,OK
A1,2026-10-01 08:00:00,24.6,OK
A1,2026-10-01 09:00:00,22.8,OK
A1,2026-10-01 10:00:00,24.8,OK
A1,2026-10-01 11:00:00,23.9,OK
A1,2026-10-01 12:00:00,,OK
A1,2026-10-01 13:00:00,22.9,OK
A1,2026-10-01 14:00:00,21.2,OK
A1,2026-10-01 15:00:00,18.6,OK
A1,2026-10-01 16:00:00,20.0,OK
A1,2026-10-01 17:00:00,17.7,OK
A1,2026-10-01 18:00:00,20.3,OK
A1,2026-10-01 19:00:00,19.0,OK
A1,2026-10-01 20:00:00,19.1,OK
A1,2026-10-01 21:00:00,18.9,OK
A1,2026-10-01 22:00:00,22.3,OK
A1,2026-10-01 23:00:00,21.0,OK
A1,2026-10-02 00:00:00,21.4,OK
A1,2026-10-02 01:00:00,22.2,OK
A1,2026-10-02 02:00:00,24.3,OK
A1,2026-10-02 03:00:00,24.7,OK
A1,2026-10-02 04:00:00,25.2,OK
A1,2026-10-02 05:00:00,25.5,OK
A1,2026-10-02 06:00:00,28.2,OK
A1,2026-10-02 07:00:00,24.3,OK
A1,2026-10-02 08:00:00,23.8,OK
A1,2026-10-02 09:00:00,22.9,OK
A1,2026-10-02 10:00:00,24.4,OK
A1,2026-10-02 11:00:00,24.5,OK
A1,2026-10-02 12:00:00,21.8,OK
A1,2026-10-02 13:00:00,20.0,OK
A1,2026-10-02 14:00:00,19.3,OK
A1,2026-10-02 15:00:00,20.9,OK
A1,2026-10-02 16:00:00,20.5,OK
A1,2026-10-02 17:00:00,19.9,OK
A1,2026-10-02 18:00:00,18.0,OK
A1,2026-10-02 19:00:00,19.5,OK
A1,2026-10-02 20:00:00,19.6,OK
A1,2026-10-02 21:00:00,20.2,OK
A1,2026-10-02 22:00:00,21.8,OK
A1,2026-10-02 23:00:00,21.6,OK
A1,2026-10-03 00:00:00,23.0,OK
A1,2026-10-03 01:00:00,22.9,OK
A1,2026-10-03 02:00:00,23.9,OK
A1,2026-10-03 03:00:00,25.1,OK
A1,2026-10-03 04:00:00,22.4,OK
A1,2026-10-03 05:00:00,24.4,OK
A1,2026-10-03 06:00:00,24.3,OK
A1,2026-10-03 07:00:00,23.9,OK
A1,2026-10-03 08:00:00,24.2,OK
A1,2026-10-03 09:00:00,26.4,OK
A1,2026-10-03 10:00:00,22.2,OK
A1,2026-10-03 11:00:00,24.2,OK
A1,2026-10-03 12:00:00,19.5,OK
A1,2026-10-03 13:00:00,20.7,OK
A1,2026-10-03 14:00:00,20.7,OK
A1,2026-10-03 15:00:00,20.8,OK
A1,2026-10-03 16:00:00,20.5,OK
A1,2026-10-03 17:00:00,20.3,OK
A1,2026-10-03 18:00:00,18.5,OK
A1,2026-10-03 19:00:00,18.4,OK
A1,2026-10-03 20:00:00,20.7,OK
A1,2026-10-03 21:00:00,19.6,OK
A1,2026-10-03 22:00:00,18.6,OK
A1,2026-10-03 23:00:00,19.5,OK
A2,2026-10-01 00:00:00,28.6,OK
A2,2026-10-01 01:00:00,31.5,WARN
A2,2026-10-01 02:00:00,31.7,WARN
A2,2026-10-01 03:00:00,33.2,WARN
A2,2026-10-01 04:00:00,32.0,WARN
A2,2026-10-01 05:00:00,33.1,WARN
A2,2026-10-01 06:00:00,33.9,WARN
A2,2026-10-01 07:00:00,32.4,WARN
A2,2026-10-01 08:00:00,33.3,WARN
A2,2026-10-01 09:00:00,31.1,WARN
A2,2026-10-01 10:00:00,31.0,WARN
A2,2026-10-01 11:00:00,30.2,WARN
A2,2026-10-01 12:00:00,28.2,OK
A2,2026-10-01 13:00:00,30.0,WARN
A2,2026-10-01 14:00:00,27.8,OK
A2,2026-10-01 15:00:00,27.9,OK
A2,2026-10-01 16:00:00,28.1,OK
A2,2026-10-01 17:00:00,27.8,OK
A2,2026-10-01 18:00:00,,OK
A2,2026-10-01 19:00:00,27.0,OK
A2,2026-10-01 20:00:00,26.8,OK
A2,2026-10-01 21:00:00,27.8,OK
A2,2026-10-01 22:00:00,26.0,OK
A2,2026-10-01 23:00:00,27.1,OK
A2,2026-10-02 00:00:00,28.0,OK
A2,2026-10-02 01:00:00,29.3,OK
A2,2026-10-02 02:00:00,32.1,WARN
A2,2026-10-02 03:00:00,30.8,WARN
A2,2026-10-02 04:00:00,32.0,WARN
A2,2026-10-02 05:00:00,34.8,ALERT
A2,2026-10-02 06:00:00,32.5,WARN
A2,2026-10-02 07:00:00,34.0,ALERT
A2,2026-10-02 08:00:00,31.2,WARN
A2,2026-10-02 09:00:00,31.8,WARN
A2,2026-10-02 10:00:00,30.1,WARN
A2,2026-10-02 11:00:00,30.3,WARN
A2,2026-10-02 12:00:00,31.3,WARN
A2,2026-10-02 13:00:00,26.6,OK
A2,2026-10-02 14:00:00,29.2,OK
A2,2026-10-02 15:00:00,28.2,OK
A2,2026-10-02 16:00:00,26.5,OK
A2,2026-10-02 17:00:00,24.9,OK
A2,2026-10-02 18:00:00,27.1,OK
A2,2026-10-02 19:00:00,26.3,OK
A2,2026-10-02 20:00:00,27.8,OK
A2,2026-10-02 21:00:00,27.9,OK
A2,2026-10-02 22:00:00,30.9,WARN
A2,2026-10-02 23:00:00,28.9,OK
A2,2026-10-03 00:00:00,28.5,OK
A2,2026-10-03 01:00:00,31.0,WARN
A2,2026-10-03 02:00:00,31.8,WARN
A2,2026-10-03 03:00:00,34.2,ALERT
A2,2026-10-03 04:00:00,33.9,WARN
A2,2026-10-03 05:00:00,33.4,WARN
A2,2026-10-03 06:00:00,35.2,ALERT
A2,2026-10-03 07:00:00,31.1,WARN
A2,2026-10-03 08:00:00,31.6,WARN
A2,2026-10-03 09:00:00,30.7,WARN
A2,2026-10-03 10:00:00,30.9,WARN
A2,2026-10-03 11:00:00,28.7,OK
A2,2026-10-03 12:00:00,31.0,WARN
A2,2026-10-03 13:00:00,28.9,OK
A2,2026-10-03 14:00:00,26.3,OK
A2,2026-10-03 15:00:00,26.4,OK
A2,2026-10-03 16:00:00,27.9,OK
A2,2026-10-03 17:00:00,28.4,OK
A2,2026-10-03 18:00:00,30.0,WARN
A2,2026-10-03 19:00:00,31.5,WARN
A2,2026-10-03 20:00:00,28.0,OK
A2,2026-10-03 21:00:00,26.4,OK
A2,2026-10-03 22:00:00,25.3,OK
A2,2026-10-03 23:00:00,29.6,OK
B1,2026-10-01 00:00:00,18.8,OK
B1,2026-10-01 01:00:00,20.2,OK
B1,2026-10-01 02:00:00,20.6,OK
B1,2026-10-01 03:00:00,21.9,OK
B1,2026-10-01 04:00:00,24.2,OK
B1,2026-10-01 05:00:00,23.1,OK
B1,2026-10-01 06:00:00,22.8,OK
B1,2026-10-01 07:00:00,21.3,OK
B1,2026-10-01 08:00:00,20.1,OK
B1,2026-10-01 09:00:00,21.4,OK
B1,2026-10-01 10:00:00,21.4,OK
B1,2026-10-01 11:00:00,23.4,OK
B1,2026-10-01 12:00:00,20.2,OK
B1,2026-10-01 13:00:00,20.7,OK
B1,2026-10-01 14:00:00,17.8,OK
B1,2026-10-01 15:00:00,16.1,OK
B1,2026-10-01 16:00:00,16.0,OK
B1,2026-10-01 17:00:00,16.0,OK
B1,2026-10-01 18:00:00,20.2,OK
B1,2026-10-01 19:00:00,15.9,OK
B1,2026-10-01 20:00:00,18.7,OK
B1,2026-10-01 21:00:00,16.5,OK
B1,2026-10-01 22:00:00,19.9,OK
B1,2026-10-01 23:00:00,19.8,OK
B1,2026-10-02 00:00:00,19.8,OK
B1,2026-10-02 01:00:00,20.7,OK
B1,2026-10-02 02:00:00,20.5,OK
B1,2026-10-02 03:00:00,22.8,OK
B1,2026-10-02 04:00:00,21.9,OK
B1,2026-10-02 05:00:00,21.1,OK
B1,2026-10-02 06:00:00,21.1,OK
B1,2026-10-02 07:00:00,23.2,OK
B1,2026-10-02 08:00:00,25.0,OK
B1,2026-10-02 09:00:00,22.4,OK
B1,2026-10-02 10:00:00,21.3,OK
B1,2026-10-02 11:00:00,21.2,OK
B1,2026-10-02 12:00:00,22.0,OK
B1,2026-10-02 13:00:00,19.6,OK
B1,2026-10-02 14:00:00,17.9,OK
B1,2026-10-02 15:00:00,19.5,OK
B1,2026-10-02 16:00:00,18.0,OK
B1,2026-10-02 17:00:00,,OK
B1,2026-10-02 18:00:00,17.3,OK
B1,2026-10-02 19:00:00,15.3,OK
B1,2026-10-02 20:00:00,15.3,OK
B1,2026-10-02 21:00:00,20.4,OK
B1,2026-10-02 22:00:00,21.1,OK
B1,2026-10-02 23:00:00,19.0,OK
B1,2026-10-03 00:00:00,19.4,OK
B1,2026-10-03 01:00:00,23.0,OK
B1,2026-10-03 02:00:00,19.8,OK
B1,2026-10-03 03:00:00,20.8,OK
B1,2026-10-03 04:00:00,23.6,OK
B1,2026-10-03 05:00:00,22.3,OK
B1,2026-10-03 06:00:00,23.0,OK
B1,2026-10-03 07:00:00,22.7,OK
B1,2026-10-03 08:00:00,23.1,OK
B1,2026-10-03 09:00:00,24.2,OK
B1,2026-10-03 10:00:00,21.6,OK
B1,2026-10-03 11:00:00,21.7,OK
B1,2026-10-03 12:00:00,16.9,OK
B1,2026-10-03 13:00:00,19.2,OK
B1,2026-10-03 14:00:00,17.2,OK
B1,2026-10-03 15:00:00,16.1,OK
B1,2026-10-03 16:00:00,16.1,OK
B1,2026-10-03 17:00:00,16.6,OK
B1,2026-10-03 18:00:00,18.4,OK
B1,2026-10-03 19:00:00,15.1,OK
B1,2026-10-03 20:00:00,17.4,OK
B1,2026-10-03 21:00:00,17.2,OK
B1,2026-10-03 22:00:00,18.0,OK
B1,2026-10-03 23:00:00,20.7,OK
B2,2026-10-01 00:00:00,26.8,OK
B2,2026-10-01 01:00:00,28.8,OK
B2,2026-10-01 02:00:00,27.3,OK
B2,2026-10-01 03:00:00,27.1,OK
B2,2026-10-01 04:00:00,28.3,OK
B2,2026-10-01 05:00:00,29.3,OK
B2,2026-10-01 06:00:00,29.3,OK
B2,2026-10-01 07:00:00,27.3,OK
B2,2026-10-01 08:00:00,28.7,OK
B2,2026-10-01 09:00:00,28.5,OK
B2,2026-10-01 10:00:00,31.3,WARN
B2,2026-10-01 11:00:00,29.6,OK
B2,2026-10-01 12:00:00,24.7,OK
B2,2026-10-01 13:00:00,24.8,OK
B2,2026-10-01 14:00:00,22.3,OK
B2,2026-10-01 15:00:00,23.0,OK
B2,2026-10-01 16:00:00,23.9,OK
B2,2026-10-01 17:00:00,24.9,OK
B2,2026-10-01 18:00:00,21.9,OK
B2,2026-10-01 19:00:00,22.1,OK
B2,2026-10-01 20:00:00,20.2,OK
B2,2026-10-01 21:00:00,23.6,OK
B2,2026-10-01 22:00:00,22.9,OK
B2,2026-10-01 23:00:00,24.4,OK
B2,2026-10-02 00:00:00,24.7,OK
B2,2026-10-02 01:00:00,26.6,OK
B2,2026-10-02 02:00:00,24.9,OK
B2,2026-10-02 03:00:00,25.9,OK
B2,2026-10-02 04:00:00,31.8,WARN
B2,2026-10-02 05:00:00,27.0,OK
B2,2026-10-02 06:00:00,,OK
B2,2026-10-02 07:00:00,31.7,WARN
B2,2026-10-02 08:00:00,33.0,WARN
B2,2026-10-02 09:00:00,26.4,OK
B2,2026-10-02 10:00:00,26.9,OK
B2,2026-10-02 11:00:00,27.3,OK
B2,2026-10-02 12:00:00,28.6,OK
B2,2026-10-02 13:00:00,23.7,OK
B2,2026-10-02 14:00:00,24.1,OK
B2,2026-10-02 15:00:00,25.0,OK
B2,2026-10-02 16:00:00,24.1,OK
B2,2026-10-02 17:00:00,22.5,OK
B2,2026-10-02 18:00:00,22.8,OK
B2,2026-10-02 19:00:00,21.0,OK
B2,2026-10-02 20:00:00,23.0,OK
B2,2026-10-02 21:00:00,23.5,OK
B2,2026-10-02 22:00:00,24.8,OK
B2,2026-10-02 23:00:00,24.4,OK
B2,2026-10-03 00:00:00,,OK
B2,2026-10-03 01:00:00,28.3,OK
B2,2026-10-03 02:00:00,27.7,OK
B2,2026-10-03 03:00:00,28.6,OK
B2,2026-10-03 04:00:00,28.7,OK
B2,2026-10-03 05:00:00,28.9,OK
B2,2026-10-03 06:00:00,27.9,OK
B2,2026-10-03 07:00:00,29.4,OK
B2,2026-10-03 08:00:00,28.5,OK
B2,2026-10-03 09:00:00,31.3,WARN
B2,2026-10-03 10:00:00,29.9,OK
B2,2026-10-03 11:00:00,27.4,OK
B2,2026-10-03 12:00:00,24.9,OK
B2,2026-10-03 13:00:00,23.6,OK
B2,2026-10-03 14:00:00,26.3,OK
B2,2026-10-03 15:00:00,24.3,OK
B2,2026-10-03 16:00:00,24.1,OK
B2,2026-10-03 17:00:00,20.5,OK
B2,2026-10-03 18:00:00,24.4,OK
B2,2026-10-03 19:00:00,23.8,OK
B2,2026-10-03 20:00:00,21.7,OK
B2,2026-10-03 21:00:00,23.2,OK
B2,2026-10-03 22:00:00,24.9,OK
B2,2026-10-03 23:00:00,,OK
